rank,word,H1_bits
1,tares,6.161315
2,lares,6.107380
3,aries,6.074999
4,teras,6.063326
5,rales,6.055872
6,nares,6.054786
7,rates,6.050013
8,saite,6.044679
9,tales,6.022095
10,saner,6.011123
11,serai,6.008650
12,salet,6.007987
13,arles,5.992613
14,tears,5.983999
15,serta,5.982682
16,tarse,5.976527
17,lanes,5.968624
18,sinae,5.967109
19,raise,5.966608
20,cares,5.962005
21,seral,5.957159
22,tarie,5.947621
23,dares,5.946882
24,solea,5.936734
25,aures,5.934763
26,reals,5.930021
27,lears,5.927855
28,tires,5.923705
29,aotes,5.921727
30,treas,5.919217
31,earls,5.916968
32,seora,5.916073
33,tores,5.915002
34,mares,5.911369
35,taise,5.908134
36,earns,5.906213
37,strae,5.904769
38,nates,5.897312
39,teals,5.895318
40,taels,5.893030
41,aloes,5.886767
42,slare,5.879558
43,pares,5.878103
44,nears,5.877430
45,taros,5.869349
46,sarin,5.868811
47,ceras,5.865969
48,lores,5.861751
49,tries,5.860680
50,toras,5.859015
51,arise,5.856157
52,rasen,5.855173
53,hares,5.850271
54,siren,5.849049
55,naris,5.848206
56,ranis,5.847302
57,aesir,5.844829
58,aeons,5.840059
59,rails,5.839853
60,laser,5.839418
61,airts,5.838083
62,snare,5.836538
63,races,5.833270
64,lairs,5.831785
65,slate,5.830030
66,leans,5.828414
67,liras,5.827445
68,senal,5.824993
69,sorel,5.824378
70,bares,5.823340
71,trias,5.822112
72,oreas,5.817363
73,salue,5.816180
74,talis,5.816097
75,rains,5.815965
76,sadie,5.814269
77,dales,5.813473
78,riles,5.812561
79,roles,5.810911
80,saute,5.810830
81,sacre,5.809710
82,canes,5.808210
83,setal,5.807928
84,resat,5.806621
85,rites,5.804775
86,siena,5.803271
87,stare,5.802862
88,tarns,5.801937
89,rotes,5.801595
90,airns,5.801140
91,tails,5.801032
92,saice,5.800116
93,neats,5.799709
94,danes,5.798183
95,antes,5.797482
96,reast,5.797293
97,aisle,5.796748
98,serio,5.795788
99,serin,5.793086
100,cates,5.787673
101,slane,5.785286
102,sanit,5.783925
103,arose,5.783433
104,tiles,5.781317
105,saron,5.780272
106,carse,5.778417
107,serau,5.778402
108,males,5.777647
109,toles,5.776091
110,elias,5.775475
111,dears,5.773668
112,taces,5.772393
113,tains,5.769210
114,arces,5.767794
115,dates,5.766891
116,arsle,5.766853
117,sotie,5.766630
118,sulea,5.766080
119,soler,5.765843
120,tones,5.764355
121,tines,5.763331
122,ratos,5.761580
123,soter,5.758199
124,rials,5.756691
125,manes,5.755736
126,stoae,5.754326
127,rapes,5.753052
128,acres,5.751645
129,taler,5.751411
130,sitar,5.751374
131,terai,5.751357
132,artie,5.750913
133,arite,5.749807
134,tames,5.747440
135,lades,5.747333
136,laces,5.747070
137,rotas,5.746871
138,soral,5.746753
139,aides,5.746646
140,saned,5.744063
141,pales,5.743681
142,liars,5.743439
143,saint,5.742752
144,serac,5.738692
145,tiers,5.736112
146,mates,5.735668
147,arils,5.735504
148,reins,5.735179
149,ariel,5.734678
150,solar,5.733353
151,slier,5.731671
152,sonar,5.730143
153,sarge,5.729857
154,scrae,5.727221
155,lames,5.725308
156,orias,5.725212
157,rants,5.725011
158,marse,5.723743
159,terns,5.722238
160,lines,5.720622
161,panes,5.720501
162,cires,5.719482
163,seron,5.719158
164,stale,5.718265
165,cores,5.717193
166,reads,5.716421
167,hales,5.715647
168,lites,5.715272
169,torse,5.715236
170,sated,5.714951
171,roans,5.714637
172,satin,5.714401
173,silen,5.713557
174,laine,5.712513
175,tolas,5.711872
176,auris,5.711345
177,least,5.710256
178,ureas,5.708959
179,solen,5.707323
180,orles,5.706815
181,senit,5.705386
182,maris,5.704991
183,claes,5.704920
184,ornes,5.704100
185,pates,5.704028
186,arest,5.700457
187,caser,5.700334
188,tinea,5.699646
189,apres,5.699158
190,nails,5.698873
191,pears,5.698816
192,terna,5.698679
193,sayer,5.698285
194,rages,5.697600
195,salem,5.696057
196,samel,5.694281
197,tesla,5.693345
198,tarsi,5.693331
199,stane,5.693141
200,retia,5.692197
201,ratel,5.691683
202,marie,5.691285
203,deals,5.691138
204,parse,5.690255
205,samen,5.689156
206,anser,5.689099
207,tapes,5.688956
208,later,5.688010
209,bales,5.687143
210,braes,5.686433
211,riels,5.685727
212,caret,5.684534
213,anise,5.684075
214,lenis,5.680287
215,sabre,5.680058
216,roues,5.679513
217,melas,5.678788
218,liers,5.677860
219,acies,5.676406
220,hates,5.675258
221,mires,5.675245
222,hears,5.673426
223,aliet,5.673256
224,stria,5.672999
225,reina,5.672472
226,litas,5.671195
227,gales,5.671035
228,reams,5.670934
229,telia,5.668760
230,mores,5.668753
231,teian,5.668619
232,senor,5.668513
233,banes,5.668476
234,rased,5.668342
235,roset,5.668144
236,paris,5.667377
237,telar,5.666548
238,seary,5.666302
239,slite,5.665303
240,saber,5.663272
241,telos,5.662801
242,alose,5.662780
243,carte,5.660242
244,deans,5.659930
245,alois,5.659669
246,names,5.658584
247,slait,5.658316
248,cries,5.658118
249,larus,5.657544
250,meals,5.657206
251,tenia,5.657185
252,satem,5.654680
253,linea,5.654543
254,sager,5.653944
255,surat,5.651507
256,sired,5.650990
257,amies,5.649363
258,aeron,5.649281
259,oater,5.649142
260,tisar,5.649120
261,lures,5.649028
262,notes,5.648610
263,nerts,5.648573
264,bates,5.647608
265,lotas,5.647002
266,irate,5.646935
267,salep,5.645794
268,repas,5.645681
269,carts,5.644767
270,maser,5.644717
271,dries,5.644494
272,tabes,5.644241
273,alces,5.643713
274,bears,5.643311
275,sedat,5.643136
276,toise,5.642866
277,salon,5.642683
278,saple,5.642545
279,mairs,5.641755
280,meats,5.641034
281,trans,5.639305
282,ursae,5.638961
283,tared,5.637845
284,sinal,5.636939
285,stire,5.636314
286,barse,5.635956
287,raids,5.635913
288,metas,5.635333
289,carle,5.635224
290,saree,5.634439
291,trues,5.633608
292,liane,5.632319
293,pores,5.631878
294,leads,5.631727
295,alien,5.631688
296,tiros,5.631224
297,rents,5.631164
298,reaps,5.631032
299,caste,5.630185
300,snore,5.629816
301,daren,5.629298
302,carne,5.629273
303,rakes,5.629163
304,astre,5.628707
305,gates,5.627723
306,years,5.627535
307,artel,5.627035
308,aster,5.626536
309,almes,5.626319
310,laius,5.626076
311,scare,5.624814
312,loans,5.624788
313,darts,5.624758
314,gears,5.624403
315,stair,5.624394
316,loris,5.623598
317,aired,5.623574
318,elans,5.623521
319,solan,5.623382
320,maire,5.623142
321,reist,5.622747
322,leora,5.621838
323,atren,5.621834
324,casel,5.621724
325,santo,5.621601
326,wares,5.621493
327,tiens,5.621480
328,laten,5.621358
329,alite,5.620569
330,means,5.619771
331,resit,5.619496
332,sarod,5.619313
333,tarin,5.618909
334,slote,5.618472
335,maros,5.618210
336,paise,5.618166
337,carls,5.618022
338,drias,5.617564
339,ireos,5.617509
340,peals,5.617087
341,helas,5.616640
342,garse,5.616601
343,baris,5.616449
344,ualis,5.616189
345,dalis,5.615900
346,cesar,5.615721
347,sline,5.615225
348,share,5.614850
349,arius,5.614168
350,ansel,5.614105
351,moras,5.613745
352,sloat,5.612415
353,stean,5.612180
354,hires,5.611809
355,iotas,5.611667
356,kales,5.611485
357,fares,5.610804
358,teams,5.609360
359,ceria,5.609314
360,ceros,5.609232
361,risen,5.608991
362,carns,5.608957
363,orals,5.608921
364,snite,5.608167
365,tarde,5.607301
366,lenos,5.606930
367,steal,5.606385
368,canis,5.606321
369,norse,5.606079
370,barie,5.605461
371,sitao,5.605319
372,serut,5.605074
373,sedan,5.604875
374,pairs,5.603920
375,rotse,5.603911
376,rinse,5.602761
377,peats,5.602035
378,serab,5.601894
379,darns,5.601557
380,slain,5.600663
381,urase,5.599801
382,craie,5.599432
383,napes,5.599360
384,roast,5.598804
385,store,5.598043
386,rules,5.597880
387,stela,5.597674
388,orate,5.597423
389,arist,5.596824
390,kanes,5.596457
391,insea,5.595556
392,tenai,5.594921
393,samir,5.594298
394,rosel,5.594188
395,sable,5.593846
396,heals,5.592831
397,loser,5.592415
398,retan,5.591864
399,acnes,5.591118
400,runes,5.590824
401,ramie,5.589923
402,peris,5.589792
403,orans,5.588542
404,trois,5.588424
405,sealy,5.588361
406,lased,5.588143
407,sepia,5.587428
408,slade,5.587381
409,caite,5.587207
410,etnas,5.587173
411,slart,5.587057
412,rides,5.584898
413,aurei,5.584723
414,senti,5.584461
415,tepas,5.583994
416,marts,5.583426
417,morae,5.582898
418,andes,5.582825
419,saker,5.582770
420,rices,5.582449
421,hairs,5.582108
422,liens,5.581537
423,alter,5.581356
424,cerat,5.581247
425,bores,5.581186
426,learn,5.580640
427,coles,5.579918
428,heats,5.579579
429,laure,5.578613
430,neral,5.578438
431,haets,5.578272
432,spaer,5.578204
433,sairy,5.577917
434,peans,5.577637
435,slone,5.576949
436,selah,5.576926
437,aline,5.576229
438,anils,5.574544
439,pries,5.574240
440,norie,5.574102
441,suite,5.572596
442,cains,5.571395
443,rheas,5.570682
444,antis,5.570211
445,retal,5.569613
446,yores,5.569586
447,spare,5.569328
448,cades,5.569084
449,orale,5.568510
450,sauce,5.568080
451,riots,5.568001
452,segar,5.567106
453,oaten,5.566954
454,doles,5.566586
455,manse,5.566446
456,talus,5.566287
457,senam,5.565818
458,parte,5.565509
459,renal,5.565467
460,caner,5.564209
461,haire,5.562797
462,sural,5.562791
463,tules,5.562290
464,tairn,5.561498
465,trios,5.561382
466,cones,5.561300
467,derat,5.560641
468,takes,5.560617
469,sarip,5.560586
470,lepas,5.560168
471,gores,5.560016
472,rimes,5.559955
473,aegis,5.559825
474,roils,5.559591
475,marls,5.559569
476,meros,5.559336
477,deair,5.559173
478,seton,5.557392
479,mails,5.557378
480,anile,5.557238
481,horas,5.557236
482,cines,5.557131
483,erian,5.556482
484,tenla,5.555977
485,baser,5.555896
486,daces,5.555863
487,cater,5.554407
488,snail,5.553324
489,malie,5.553197
490,sloan,5.552956
491,resin,5.551510
492,manis,5.551146
493,tunes,5.551071
494,laeti,5.550981
495,nemas,5.550973
496,altos,5.550671
497,parts,5.550595
498,cames,5.550563
499,astel,5.549647
500,lards,5.549570
501,leaps,5.549535
502,rason,5.549349
503,beats,5.549195
504,dines,5.548591
505,stile,5.547919
506,sorda,5.547545
507,niels,5.546671
508,noise,5.546263
509,scale,5.544618
510,oared,5.544617
511,daler,5.544141
512,gaels,5.543997
513,paren,5.543741
514,sicer,5.543544
515,sault,5.543111
516,antre,5.542389
517,parle,5.542117
518,betas,5.542029
519,noser,5.541546
520,shear,5.541417
521,tamis,5.541241
522,larin,5.541185
523,lakes,5.541098
524,cites,5.540825
525,sider,5.540768
526,lacis,5.540298
527,cotes,5.540268
528,baret,5.540070
529,tirls,5.539249
530,miles,5.539105
531,abies,5.538863
532,shale,5.538670
533,paste,5.538503
534,dames,5.538349
535,laics,5.537223
536,arent,5.537181
537,manie,5.537137
538,noels,5.535426
539,moles,5.534509
540,suine,5.534437
541,leant,5.534136
542,palis,5.533372
543,maile,5.533043
544,panse,5.532379
545,anlet,5.532085
546,halse,5.531871
547,dater,5.530598
548,harts,5.529524
549,seric,5.529519
550,reaks,5.528957
551,sieur,5.528934
552,delis,5.528900
553,parel,5.528365
554,roads,5.527812
555,eyras,5.526994
556,rimas,5.525994
557,beans,5.525092
558,ceils,5.524773
559,prase,5.524620
560,horae,5.524185
561,maces,5.523761
562,boras,5.523738
563,rated,5.523463
564,smear,5.523142
565,toils,5.522323
566,getas,5.522323
567,merat,5.522209
568,dites,5.522109
569,bries,5.522096
570,pails,5.521573
571,stine,5.520425
572,tides,5.520211
573,rosal,5.520009
574,haste,5.519819
575,deils,5.519686
576,dotes,5.519284
577,mains,5.519175
578,colas,5.519115
579,reasy,5.518785
580,tarps,5.518647
581,carus,5.518472
582,autre,5.518283
583,doers,5.518272
584,ainus,5.517561
585,ramet,5.517358
586,saunt,5.517127
587,dials,5.516485
588,hanse,5.516419
589,artus,5.516278
590,tunas,5.516080
591,corse,5.515606
592,sebat,5.515522
593,resay,5.515356
594,toile,5.515351
595,sepal,5.515213
596,harle,5.515143
597,canos,5.514139
598,pleas,5.514094
599,toran,5.513826
600,simar,5.513514
601,matie,5.513377
602,yeans,5.512698
603,denis,5.512477
604,mines,5.511876
605,slape,5.511121
606,soled,5.510657
607,toner,5.510490
608,rance,5.510029
609,aider,5.509799
610,stail,5.509776
611,stole,5.509754
612,lunes,5.509441
613,noire,5.509007
614,sakel,5.508677
615,heirs,5.508031
616,loren,5.507499
617,cures,5.507471
618,alert,5.507124
619,cloes,5.506600
620,ceral,5.506182
621,septa,5.505906
622,tiler,5.505718
623,shane,5.505362
624,latus,5.505258
625,stain,5.505081
626,crate,5.504864
627,tamer,5.504729
628,dorse,5.504582
629,ripes,5.504177
630,alone,5.504048
631,harls,5.504001
632,times,5.503780
633,ropes,5.502488
634,sekar,5.502095
635,ianus,5.501615
636,alecs,5.501335
637,heros,5.500965
638,nards,5.500444
639,sutra,5.499895
640,piles,5.499768
641,lutes,5.499576
642,saily,5.499444
643,hails,5.499016
644,donas,5.498742
645,euros,5.498422
646,maine,5.498369
647,tomes,5.497771
648,poles,5.497501
649,lodes,5.497131
650,coals,5.497036
651,mites,5.496794
652,noria,5.496688
653,harns,5.496227
654,sluer,5.496068
655,narcs,5.495852
656,melis,5.495792
657,ragis,5.495230
658,coats,5.493097
659,aulos,5.492978
660,urnae,5.492730
661,spate,5.492667
662,spale,5.492200
663,turse,5.491848
664,taled,5.491665
665,rands,5.491569
666,capes,5.491423
667,suade,5.491122
668,toral,5.491100
669,motes,5.490730
670,spear,5.490665
671,ditas,5.490304
672,mater,5.490189
673,apers,5.489816
674,paseo,5.489807
675,dures,5.489017
676,cesta,5.488597
677,suina,5.488435
678,wales,5.488206
679,irena,5.487885
680,orsel,5.487865
681,urate,5.487444
682,proas,5.487335
683,canel,5.487222
684,stone,5.487183
685,sabir,5.487058
686,paces,5.486248
687,canoe,5.485737
688,slant,5.485126
689,dante,5.484756
690,merls,5.484652
691,baste,5.484546
692,tapis,5.484282
693,snead,5.484160
694,cants,5.483984
695,hosea,5.483289
696,drate,5.483167
697,lacer,5.483127
698,somet,5.483081
699,redia,5.482560
700,arson,5.482085
701,sceat,5.481738
702,anole,5.481691
703,aimer,5.481536
704,ratio,5.480896
705,datos,5.480725
706,kaser,5.480366
707,aeric,5.479761
708,aotus,5.479746
709,lader,5.479657
710,sheat,5.479635
711,ailed,5.479355
712,ariot,5.479025
713,staio,5.478806
714,doris,5.478612
715,pains,5.478379
716,trine,5.477561
717,limes,5.477493
718,roams,5.477196
719,lapse,5.476718
720,sacro,5.476379
721,neaps,5.476184
722,sawer,5.476097
723,cause,5.475650
724,soary,5.475542
725,pones,5.475372
726,hoars,5.475307
727,doats,5.475283
728,ables,5.475142
729,rouse,5.475132
730,tacos,5.475128
731,drats,5.474926
732,targe,5.473822
733,terms,5.473633
734,train,5.473123
735,salic,5.473083
736,sited,5.472628
737,redos,5.472153
738,holes,5.472057
739,alist,5.472034
740,pines,5.471991
741,reoil,5.471773
742,herat,5.471383
743,stoai,5.471196
744,stade,5.471116
745,neist,5.471115
746,sidle,5.470746
747,garle,5.470607
748,paler,5.470451
749,relit,5.470436
750,molas,5.470267
751,wanes,5.470216
752,denar,5.470182
753,celia,5.469602
754,duras,5.469558
755,arcos,5.469453
756,minas,5.469187
757,sicel,5.469177
758,tyres,5.469049
759,lunas,5.468906
760,uraei,5.468602
761,strue,5.468396
762,diane,5.467708
763,shier,5.467396
764,morse,5.466797
765,bails,5.466348
766,ornis,5.466170
767,catel,5.466165
768,sicle,5.466128
769,teasy,5.466118
770,plies,5.465946
771,manet,5.465832
772,keats,5.465578
773,yarns,5.465563
774,darst,5.465495
775,earsh,5.465146
776,trace,5.464594
777,pater,5.464523
778,delia,5.463946
779,teaks,5.463671
780,saith,5.463423
781,sapit,5.463250
782,barns,5.463187
783,lieus,5.462624
784,paine,5.462555
785,hades,5.462460
786,aunts,5.462241
787,crane,5.461596
788,perai,5.461265
789,baits,5.461192
790,siper,5.461099
791,ribes,5.460899
792,lapis,5.460265
793,safer,5.459550
794,starn,5.459450
795,robes,5.459267
796,seoul,5.459069
797,iters,5.458566
798,spane,5.458516
799,autos,5.457637
800,socle,5.457570
801,armet,5.457195
802,acier,5.457164
803,atole,5.456943
804,liest,5.456626
805,fanes,5.456320
806,lerot,5.455900
807,trail,5.455715
808,manos,5.455409
809,mures,5.455381
810,lacet,5.455375
811,trial,5.455298
812,hones,5.455000
813,talcs,5.454976
814,syria,5.454874
815,nacre,5.454873
816,snarl,5.454557
817,trade,5.454192
818,minae,5.454178
819,karos,5.454069
820,alure,5.453948
821,litre,5.453935
822,since,5.453788
823,tayer,5.453055
824,sarpo,5.452823
825,riant,5.452631
826,mesal,5.452620
827,dearn,5.452434
828,stola,5.451591
829,metis,5.451545
830,laron,5.451186
831,cosie,5.450982
832,sonde,5.450759
833,snape,5.450621
834,dorsa,5.450493
835,monas,5.450278
836,lamer,5.450270
837,palet,5.449903
838,piers,5.449764
839,osier,5.449598
840,toads,5.449526
841,loins,5.449105
842,agnes,5.448983
843,taper,5.448659
844,shire,5.448103
845,cared,5.447872
846,torus,5.447760
847,praos,5.447382
848,biles,5.447025
849,baile,5.446926
850,leaks,5.446741
851,seraw,5.446504
852,erato,5.446135
853,sapor,5.446085
854,suant,5.445874
855,detar,5.445666
856,boles,5.445236
857,boars,5.445175
858,adret,5.444971
859,talio,5.444922
860,trone,5.444835
861,wears,5.444615
862,natus,5.444545
863,mensa,5.444492
864,steri,5.443737
865,hames,5.443567
866,gaits,5.443519
867,moats,5.442854
868,haler,5.442177
869,batis,5.441924
870,beisa,5.441845
871,ideas,5.441702
872,clare,5.441549
873,tenso,5.441318
874,manei,5.441309
875,atone,5.440064
876,creat,5.439706
877,tomas,5.439559
878,oriel,5.439506
879,scrat,5.439462
880,hater,5.439093
881,haine,5.438816
882,terma,5.438593
883,liter,5.438552
884,topes,5.438417
885,trina,5.438243
886,tabis,5.438076
887,rakis,5.438076
888,stein,5.437938
889,nides,5.437827
890,malts,5.437522
891,oiler,5.437313
892,fates,5.437194
893,lutea,5.437136
894,besra,5.436953
895,alkes,5.436837
896,sermo,5.436336
897,berat,5.435767
898,warse,5.434790
899,marsi,5.434431
900,lions,5.433884
901,limas,5.433641
902,doser,5.433528
903,loads,5.433421
904,areas,5.433350
905,nodes,5.433314
906,penis,5.433120
907,teary,5.432790
908,shoer,5.432752
909,loran,5.432558
910,tahrs,5.431853
911,orcas,5.431627
912,fears,5.431300
913,react,5.431250
914,astir,5.430840
915,loner,5.430623
916,shean,5.429757
917,sured,5.429434
918,liner,5.429414
919,stero,5.429252
920,linet,5.428842
921,pilea,5.428616
922,sheal,5.428429
923,roist,5.428412
924,diets,5.428015
925,giles,5.427573
926,pinas,5.427168
927,raves,5.426965
928,todea,5.426835
929,lated,5.426411
930,elian,5.426197
931,rotls,5.425623
932,goles,5.425341
933,bones,5.424755
934,herls,5.424746
935,parus,5.424736
936,muras,5.424719
937,cages,5.424527
938,solay,5.423859
939,large,5.423858
940,score,5.423808
941,geisa,5.423534
942,arion,5.423412
943,farse,5.423288
944,slice,5.422151
945,halos,5.421827
946,bines,5.421722
947,rosed,5.421591
948,darin,5.421450
949,heils,5.421392
950,raias,5.421383
951,spret,5.421354
952,stead,5.421306
953,shela,5.421094
954,laney,5.421054
955,sanct,5.420972
956,linos,5.420772
957,hirse,5.420754
958,carey,5.420419
959,lance,5.420338
960,laden,5.420163
961,amirs,5.420116
962,elain,5.419954
963,noils,5.419766
964,melia,5.419727
965,sales,5.419690
966,karts,5.419461
967,melos,5.419383
968,perla,5.419262
969,panos,5.419207
970,moans,5.419178
971,torsi,5.419011
972,slide,5.419002
973,presa,5.418898
974,lyres,5.418729
975,spier,5.417507
976,karen,5.417417
977,peart,5.416830
978,lopes,5.416667
979,seity,5.416599
980,lande,5.416430
981,nirls,5.416178
982,coirs,5.416170
983,nerds,5.416038
984,baler,5.415819
985,herns,5.415811
986,touse,5.415440
987,sober,5.415017
988,orlet,5.414999
989,sapin,5.414787
990,pitas,5.414753
991,cased,5.414130
992,celts,5.414112
993,aliso,5.414058
994,siree,5.413676
995,outas,5.413610
996,somne,5.413581
997,shore,5.413221
998,labis,5.413118
999,slent,5.412901
1000,meads,5.412729
1001,hoers,5.412640
1002,tenor,5.412437
1003,gades,5.411909
1004,nitre,5.411664
1005,terap,5.411232
1006,tread,5.411105
1007,retin,5.410679
1008,taber,5.410616
1009,coset,5.410596
1010,cards,5.410505
1011,prate,5.410478
1012,salty,5.410435
1013,horse,5.410196
1014,beira,5.410188
1015,gains,5.409813
1016,irade,5.409696
1017,bater,5.409118
1018,trame,5.408619
1019,nomes,5.408299
1020,alids,5.407646
1021,maleo,5.407622
1022,eosin,5.407490
1023,taino,5.407251
1024,crose,5.406751
1025,peins,5.405736
1026,bites,5.405447
1027,korea,5.405104
1028,slake,5.405036
1029,notre,5.404925
1030,sanes,5.404449
1031,naled,5.404406
1032,denat,5.404403
1033,amire,5.404384
1034,soger,5.404301
1035,namer,5.403580
1036,kalis,5.403579
1037,larid,5.403406
1038,slirt,5.403217
1039,ayens,5.402939
1040,miser,5.402407
1041,unais,5.401817
1042,syren,5.401521
1043,coria,5.401288
1044,latin,5.401274
1045,diose,5.401110
1046,doria,5.400733
1047,amens,5.400668
1048,lands,5.400566
1049,belis,5.400309
1050,maius,5.400293
1051,agers,5.400040
1052,spire,5.399791
1053,prats,5.399687
1054,biers,5.399650
1055,ranli,5.399556
1056,layer,5.399529
1057,rathe,5.399446
1058,parsi,5.399304
1059,trams,5.399301
1060,litra,5.398988
1061,thais,5.398808
1062,alnus,5.398705
1063,halte,5.398485
1064,dairt,5.398114
1065,keirs,5.397834
1066,smore,5.397720
1067,setae,5.397649
1068,rases,5.396683
1069,sargo,5.396480
1070,trona,5.395995
1071,niter,5.395958
1072,geira,5.395934
1073,tired,5.395932
1074,salmi,5.395914
1075,scena,5.395829
1076,relay,5.395702
1077,rends,5.395587
1078,beast,5.395371
1079,shiel,5.394640
1080,kesar,5.394607
1081,gaols,5.394402
1082,cents,5.394072
1083,ocrea,5.393960
1084,games,5.393927
1085,simal,5.393917
1086,santy,5.393712
1087,aside,5.393586
1088,relot,5.393561
1089,enols,5.393522
1090,karel,5.393518
1091,noter,5.393456
1092,tsine,5.393418
1093,pians,5.392951
1094,heart,5.392900
1095,haole,5.392624
1096,hiate,5.392575
1097,rotan,5.392333
1098,soree,5.391814
1099,creta,5.391650
1100,sewar,5.391603
1101,panel,5.391524
1102,moise,5.391452
1103,gaine,5.391447
1104,dealt,5.390915
1105,karns,5.390833
1106,crois,5.390340
1107,irons,5.390109
1108,gater,5.389690
1109,kails,5.389674
1110,redan,5.389639
1111,renay,5.389278
1112,boers,5.389104
1113,usnea,5.388966
1114,strey,5.388849
1115,keros,5.388713
1116,maist,5.388623
1117,ulnas,5.388596
1118,leash,5.388539
1119,alice,5.388411
1120,tored,5.388076
1121,birse,5.387858
1122,spair,5.387605
1123,raiae,5.387528
1124,recta,5.387488
1125,beaus,5.387208
1126,vales,5.386905
1127,pause,5.386868
1128,mages,5.386568
1129,carot,5.386132
1130,sadhe,5.385827
1131,loams,5.385704
1132,pants,5.385615
1133,metra,5.385606
1134,tarea,5.385143
1135,louse,5.385029
1136,tours,5.384960
1137,halts,5.384730
1138,yeast,5.383990
1139,altus,5.383652
1140,tenio,5.383535
1141,abris,5.383128
1142,saver,5.383083
1143,irone,5.382898
1144,satyr,5.382795
1145,stern,5.382343
1146,sates,5.382073
1147,aigre,5.381471
1148,resid,5.381313
1149,sprat,5.381205
1150,nurse,5.381106
1151,safen,5.381011
1152,slime,5.380848
1153,strad,5.380556
1154,onset,5.379970
1155,bolas,5.379387
1156,inset,5.378928
1157,aiery,5.378670
1158,speal,5.378641
1159,topas,5.378363
1160,wires,5.377826
1161,leary,5.377727
1162,dents,5.377512
1163,cauls,5.377355
1164,spean,5.377061
1165,luser,5.376888
1166,patel,5.376775
1167,depas,5.375950
1168,lobes,5.375884
1169,sabed,5.375866
1170,casey,5.375832
1171,harst,5.375825
1172,paten,5.375824
1173,talon,5.375737
1174,sinto,5.375583
1175,miens,5.374983
1176,rotal,5.374853
1177,peons,5.374640
1178,balei,5.374269
1179,alder,5.374013
1180,galet,5.373901
1181,readl,5.373782
1182,amsel,5.373430
1183,geast,5.373105
1184,anous,5.373025
1185,hants,5.372501
1186,cadis,5.371884
1187,scran,5.371660
1188,moues,5.371638
1189,fires,5.371435
1190,latro,5.369904
1191,vanes,5.369514
1192,suent,5.368787
1193,goers,5.368757
1194,aiger,5.368385
1195,caids,5.368185
1196,aurin,5.367421
1197,poser,5.367332
1198,sears,5.367181
1199,cairn,5.366868
1200,sabin,5.366852
1201,traps,5.366479
1202,hause,5.365942
1203,spore,5.365481
1204,cosen,5.365435
1205,somal,5.365129
1206,larks,5.365044
1207,deota,5.364921
1208,ulnae,5.364911
1209,girse,5.364898
1210,fores,5.364880
1211,cadre,5.364778
1212,early,5.363893
1213,tapen,5.363710
1214,weals,5.363688
1215,soget,5.363612
1216,osela,5.362866
1217,crosa,5.362720
1218,saeta,5.362642
1219,routs,5.362323
1220,snirt,5.362273
1221,range,5.362047
1222,loges,5.361837
1223,rosin,5.361828
1224,delta,5.360939
1225,aloed,5.360731
1226,dirts,5.360554
1227,stied,5.360542
1228,melts,5.360337
1229,snide,5.360315
1230,cakes,5.360267
1231,menat,5.360233
1232,waise,5.360233
1233,hayes,5.360194
1234,skate,5.360088
1235,reask,5.360002
1236,moire,5.359900
1237,galei,5.359613
1238,tolan,5.359550
1239,betis,5.358944
1240,sergt,5.358650
1241,ourie,5.358465
1242,saury,5.358228
1243,lyase,5.357832
1244,cadie,5.357831
1245,dorts,5.357685
1246,pared,5.357444
1247,moier,5.357097
1248,louis,5.356826
1249,clear,5.356651
1250,sarum,5.356556
1251,gorse,5.356395
1252,dauts,5.356324
1253,hiera,5.356321
1254,ramus,5.355907
1255,lints,5.355855
1256,islet,5.355669
1257,besan,5.355571
1258,entia,5.355273
1259,smite,5.355136
1260,blase,5.355083
1261,rudas,5.354423
1262,salmo,5.354090
1263,poise,5.353950
1264,kains,5.353478
1265,ranid,5.353332
1266,astor,5.352928
1267,spira,5.352891
1268,trays,5.352745
1269,crena,5.352701
1270,nitos,5.352699
1271,smile,5.352520
1272,tonal,5.352066
1273,pearl,5.351930
1274,boats,5.351839
1275,lenad,5.351366
1276,stray,5.351209
1277,kerat,5.351122
1278,hatel,5.351056
1279,snake,5.350513
1280,terga,5.349737
1281,tends,5.349714
1282,adore,5.349691
1283,marcs,5.349450
1284,brats,5.348977
1285,heads,5.348815
1286,sware,5.348587
1287,prise,5.348560
1288,nomas,5.348362
1289,vates,5.348353
1290,elaps,5.348212
1291,areic,5.348090
1292,arpen,5.347956
1293,arias,5.347697
1294,wairs,5.347516
1295,route,5.347477
1296,pages,5.347256
1297,kines,5.347200
1298,spiel,5.347161
1299,nabis,5.347116
1300,poets,5.347044
1301,poret,5.346987
1302,sithe,5.345817
1303,katie,5.345813
1304,slipe,5.345727
1305,reman,5.345435
1306,adios,5.345252
1307,camis,5.345072
1308,deist,5.344583
1309,aegir,5.344578
1310,adiel,5.344524
1311,rebia,5.343721
1312,twaes,5.343592
1313,tsade,5.343521
1314,saris,5.342986
1315,scart,5.342789
1316,lager,5.342671
1317,boris,5.342603
1318,dirls,5.342343
1319,petos,5.342220
1320,goals,5.342108
1321,yetis,5.342013
1322,scian,5.341897
1323,ureal,5.341799
1324,arses,5.341791
1325,teloi,5.341308
1326,psoae,5.340870
1327,laves,5.340685
1328,botas,5.340193
1329,sneap,5.340130
1330,scote,5.340072
1331,fairs,5.340009
1332,tauri,5.339934
1333,cader,5.339337
1334,stage,5.339206
1335,rouen,5.338782
1336,scler,5.338559
1337,carpe,5.338309
1338,gesan,5.338118
1339,sikar,5.337915
1340,senci,5.337720
1341,shoat,5.337622
1342,corns,5.337476
1343,ulans,5.337428
1344,dunes,5.337304
1345,carli,5.337199
1346,steam,5.337088
1347,lored,5.337061
1348,laird,5.336989
1349,pleis,5.336887
1350,feats,5.336879
1351,siker,5.336255
1352,tried,5.336093
1353,galen,5.335816
1354,adits,5.335328
1355,regia,5.335255
1356,teres,5.335081
1357,shote,5.334957
1358,snort,5.334643
1359,grate,5.334508
1360,buras,5.334400
1361,kames,5.334138
1362,cerin,5.334079
1363,corta,5.333993
1364,sahme,5.333270
1365,earth,5.332830
1366,hoise,5.332807
1367,gapes,5.332737
1368,abret,5.332644
1369,shine,5.332612
1370,troue,5.332241
1371,shita,5.332219
1372,goats,5.332203
1373,hared,5.332049
1374,pareu,5.332044
1375,mario,5.331864
1376,acmes,5.331664
1377,shole,5.331599
1378,anice,5.331580
1379,merit,5.331100
1380,taish,5.331091
1381,argos,5.330726
1382,barit,5.330442
1383,coast,5.330375
1384,weans,5.330306
1385,cairo,5.330220
1386,cutes,5.330218
1387,fetas,5.330066
1388,torcs,5.329887
1389,belar,5.329680
1390,parde,5.329348
1391,andre,5.329326
1392,table,5.328669
1393,arase,5.328339
1394,arkie,5.328166
1395,ruins,5.328091
1396,tecla,5.328059
1397,asper,5.328042
1398,surah,5.327982
1399,ritus,5.327565
1400,erica,5.327338
1401,realm,5.327308
1402,pelts,5.327059
1403,canst,5.327001
1404,nerol,5.326937
1405,donis,5.326701
1406,lours,5.326403
1407,sepad,5.326246
1408,arend,5.326147
1409,shari,5.326063
1410,ogres,5.325639
1411,coils,5.325615
1412,carps,5.325595
1413,aerie,5.324615
1414,sucre,5.324483
1415,sarif,5.324455
1416,mosel,5.324438
1417,ancre,5.324392
1418,urena,5.324105
1419,damie,5.324043
1420,kites,5.324010
1421,niota,5.323936
1422,poire,5.323656
1423,kreis,5.323253
1424,meant,5.323252
1425,eidos,5.323090
1426,ernst,5.322961
1427,salud,5.322815
1428,ohias,5.322631
1429,epris,5.322336
1430,batel,5.321802
1431,clans,5.321692
1432,tabel,5.321597
1433,yearn,5.321463
1434,taker,5.321411
1435,faire,5.321356
1436,spite,5.321306
1437,lakie,5.321083
1438,mauls,5.321004
1439,cunas,5.320856
1440,morat,5.320441
1441,carol,5.320330
1442,togas,5.320202
1443,legis,5.320184
1444,sabot,5.320078
1445,spile,5.320047
1446,maids,5.319778
1447,mules,5.319717
1448,rasty,5.319603
1449,pards,5.319363
1450,staid,5.319291
1451,codes,5.319225
1452,salse,5.319043
1453,triad,5.318959
1454,idles,5.318745
1455,morts,5.318695
1456,steno,5.318674
1457,tikes,5.318632
1458,sauld,5.318583
1459,tulsa,5.318540
1460,necia,5.318476
1461,prose,5.318371
1462,coran,5.318356
1463,pairt,5.318068
1464,mauts,5.318057
1465,tunis,5.317965
1466,kiers,5.317735
1467,ligas,5.317584
1468,cista,5.317583
1469,alden,5.317445
1470,olena,5.317331
1471,degas,5.317301
1472,makes,5.317191
1473,salve,5.317169
1474,aryls,5.316791
1475,spait,5.316411
1476,lends,5.316395
1477,beads,5.316389
1478,ileus,5.316161
1479,oread,5.316145
1480,malus,5.316008
1481,layne,5.315951
1482,lases,5.315901
1483,faros,5.315780
1484,raced,5.315517
1485,smote,5.315356
1486,smart,5.315293
1487,narks,5.315051
1488,wries,5.314980
1489,urite,5.314031
1490,abets,5.313917
1491,morel,5.313678
1492,moste,5.313445
1493,tynes,5.313422
1494,tokes,5.313091
1495,clues,5.312920
1496,sires,5.312557
1497,stema,5.312442
1498,speir,5.311834
1499,aloin,5.311779
1500,boser,5.311256
1501,doits,5.311253
1502,singe,5.310872
1503,coner,5.310335
1504,lesya,5.310191
1505,nipas,5.310054
1506,scone,5.309633
1507,lauds,5.309271
1508,tagel,5.308967
1509,turns,5.308801
1510,ranks,5.308736
1511,fries,5.308539
1512,poria,5.308357
1513,saran,5.308317
1514,laton,5.307626
1515,bared,5.307176
1516,madre,5.306842
1517,haems,5.306653
1518,kerns,5.306336
1519,kaons,5.306323
1520,agues,5.306297
1521,louie,5.305815
1522,dices,5.305586
1523,aesop,5.305360
1524,tolus,5.304838
1525,aylet,5.304598
1526,teman,5.304409
1527,siket,5.304075
1528,menta,5.304053
1529,morne,5.304034
1530,deray,5.303623
1531,resun,5.303331
1532,sores,5.303114
1533,seamy,5.302673
1534,citer,5.302597
1535,lathe,5.302513
1536,orant,5.302463
1537,coart,5.302433
1538,secno,5.302260
1539,slyer,5.302226
1540,duals,5.302196
1541,gaurs,5.301988
1542,arcus,5.301936
1543,porte,5.301802
1544,shone,5.301339
1545,diols,5.301020
1546,boise,5.300947
1547,coral,5.300787
1548,ousel,5.300785
1549,sikra,5.300650
1550,bemas,5.300608
1551,hards,5.300547
1552,cleat,5.300473
1553,brans,5.300184
1554,uriel,5.300125
1555,manus,5.300105
1556,dinar,5.300029
1557,slope,5.299805
1558,surma,5.299741
1559,kolas,5.299605
1560,warts,5.299578
1561,atule,5.299473
1562,comes,5.299464
1563,crile,5.299389
1564,perit,5.299111
1565,apios,5.298404
1566,brise,5.297881
1567,carlo,5.297140
1568,calor,5.297034
1569,likes,5.296976
1570,tonus,5.296743
1571,gaius,5.296450
1572,leafs,5.296068
1573,shade,5.295746
1574,preta,5.295707
1575,blare,5.295677
1576,diner,5.295417
1577,tuner,5.295137
1578,cunea,5.295120
1579,baure,5.295105
1580,ayins,5.295028
1581,siroc,5.294644
1582,grane,5.294372
1583,caned,5.294258
1584,relap,5.294188
1585,onces,5.294186
1586,amins,5.294158
1587,tangs,5.294105
1588,canso,5.293808
1589,costa,5.293752
1590,skeat,5.293569
1591,razes,5.293270
1592,curse,5.293211
1593,asher,5.292788
1594,croat,5.292753
1595,nemos,5.292676
1596,soapi,5.292590
1597,skier,5.292523
1598,adlet,5.292439
1599,spaed,5.292364
1600,togae,5.292325
1601,solid,5.292178
1602,dimes,5.292054
1603,ursal,5.291686
1604,sutor,5.291569
1605,stake,5.291520
1606,tamus,5.291343
1607,dasnt,5.291264
1608,laths,5.290872
1609,atelo,5.290810
1610,seals,5.290502
1611,trema,5.289967
1612,coins,5.289842
1613,shina,5.289681
1614,stram,5.289641
1615,snary,5.289571
1616,pelta,5.289428
1617,sarna,5.289185
1618,lehrs,5.288936
1619,omnes,5.288840
1620,samek,5.288827
1621,disna,5.288710
1622,domes,5.288546
1623,trice,5.288192
1624,farts,5.288088
1625,lenca,5.287686
1626,hents,5.287436
1627,waste,5.287435
1628,elsin,5.287421
1629,genos,5.287410
1630,taroc,5.287410
1631,luces,5.287393
1632,ticer,5.287388
1633,sclat,5.287114
1634,riled,5.287080
1635,irous,5.287001
1636,aleut,5.286988
1637,rauli,5.286949
1638,sudra,5.286553
1639,lotan,5.286540
1640,moira,5.286508
1641,metal,5.286432
1642,aroid,5.286336
1643,false,5.286229
1644,strep,5.285934
1645,norit,5.285907
1646,scarn,5.285257
1647,ramed,5.285230
1648,colet,5.285187
1649,sewan,5.285155
1650,amlet,5.285068
1651,donar,5.285005
1652,macer,5.284577
1653,atune,5.284567
1654,olpes,5.284549
1655,arneb,5.284466
1656,shoal,5.284177
1657,lepra,5.284155
1658,palus,5.283633
1659,saudi,5.283587
1660,morns,5.283545
1661,belat,5.283308
1662,piste,5.283226
1663,spole,5.283178
1664,close,5.283147
1665,sorty,5.283128
1666,anime,5.282909
1667,pieta,5.282680
1668,spial,5.282558
1669,biens,5.282310
1670,spine,5.282283
1671,pules,5.282267
1672,spart,5.282183
1673,lairy,5.281922
1674,tardo,5.281805
1675,ports,5.281739
1676,lords,5.281617
1677,dilos,5.281606
1678,apter,5.281397
1679,laude,5.280890
1680,moils,5.280741
1681,cados,5.280637
1682,praus,5.280469
1683,cadet,5.280341
1684,altin,5.280279
1685,diter,5.280170
1686,doter,5.280124
1687,plate,5.279438
1688,barde,5.279273
1689,wasel,5.279140
1690,snipe,5.279071
1691,spail,5.279067
1692,lirot,5.279044
1693,sauty,5.279030
1694,calin,5.278945
1695,catso,5.278916
1696,gaist,5.278896
1697,argel,5.278704
1698,seats,5.278556
1699,crine,5.278541
1700,trasy,5.278198
1701,modes,5.278116
1702,nosed,5.277973
1703,hiren,5.277914
1704,slaty,5.277868
1705,gaure,5.277436
1706,crain,5.277381
1707,mutes,5.277262
1708,weirs,5.277217
1709,leany,5.276961
1710,easer,5.276958
1711,cedis,5.276920
1712,shola,5.276736
1713,splet,5.276734
1714,emirs,5.276449
1715,sigla,5.276449
1716,tayir,5.276442
1717,glare,5.276185
1718,mesad,5.275774
1719,vires,5.275457
1720,froes,5.275228
1721,prela,5.275191
1722,drain,5.275178
1723,amine,5.275170
1724,tapir,5.274996
1725,tansy,5.274959
1726,anoil,5.274956
1727,giros,5.274868
1728,luite,5.274801
1729,based,5.274605
1730,grues,5.274540
1731,biose,5.274537
1732,biset,5.274236
1733,lagen,5.274101
1734,mesua,5.273891
1735,sharn,5.273556
1736,tawse,5.273551
1737,cions,5.273241
1738,radio,5.273152
1739,arish,5.273100
1740,belts,5.273072
1741,marli,5.272781
1742,naves,5.272667
1743,grise,5.272382
1744,padre,5.272081
1745,penal,5.272030
1746,salar,5.271551
1747,ohare,5.271514
1748,swear,5.271278
1749,meril,5.271178
1750,anted,5.271068
1751,farle,5.270995
1752,staun,5.270746
1753,great,5.270665
1754,argle,5.270652
1755,rainy,5.270502
1756,codas,5.270475
1757,plats,5.270363
1758,swale,5.270354
1759,monie,5.269807
1760,treys,5.269694
1761,penta,5.269673
1762,serum,5.269638
1763,curie,5.269560
1764,laker,5.269545
1765,oaths,5.269537
1766,ranee,5.269131
1767,snirl,5.269120
1768,tarmi,5.269099
1769,daint,5.268786
1770,nadir,5.268717
1771,tirma,5.268677
1772,troad,5.268652
1773,hosel,5.268606
1774,talks,5.268116
1775,bards,5.267973
1776,yards,5.267961
1777,beams,5.267894
1778,septi,5.267752
1779,derms,5.267693
1780,spain,5.267343
1781,stime,5.267074
1782,piast,5.266970
1783,brose,5.266618
1784,naias,5.266524
1785,panus,5.266380
1786,cursa,5.266185
1787,rajes,5.266008
1788,louts,5.265811
1789,hauls,5.265689
1790,warns,5.265489
1791,heaps,5.265403
1792,parti,5.265315
1793,basil,5.265270
1794,etuis,5.265232
1795,brisa,5.265029
1796,moile,5.264923
1797,lamus,5.264185
1798,sneak,5.264022
1799,actos,5.263831
1800,urian,5.263587
1801,raxes,5.263533
1802,skair,5.263482
1803,wails,5.263281
1804,oaves,5.262886
1805,kolea,5.262470
1806,karst,5.262316
1807,dinos,5.262008
1808,mitre,5.261557
1809,carid,5.261509
1810,tacso,5.261452
1811,tates,5.261226
1812,hosen,5.260742
1813,donet,5.260453
1814,veals,5.260426
1815,farls,5.260329
1816,tease,5.259705
1817,ashet,5.259386
1818,heist,5.259333
1819,moran,5.259305
1820,waits,5.259280
1821,istle,5.259092
1822,anode,5.259051
1823,garde,5.258953
1824,drail,5.258789
1825,arums,5.258777
1826,tanks,5.258628
1827,leman,5.258591
1828,polis,5.258554
1829,sacae,5.258527
1830,hakes,5.257745
1831,frase,5.257694
1832,ostia,5.257500
1833,cedar,5.257449
1834,dolia,5.257315
1835,doest,5.257281
1836,riley,5.257130
1837,tosca,5.257008
1838,dance,5.256984
1839,soken,5.256535
1840,harms,5.256321
1841,garce,5.256067
1842,timer,5.256064
1843,theos,5.255822
1844,stion,5.255717
1845,clean,5.255669
1846,shame,5.255633
1847,tuarn,5.255622
1848,riden,5.255529
1849,dione,5.255497
1850,stary,5.255347
1851,scalt,5.255345
1852,vairs,5.255266
1853,torah,5.255218
1854,saros,5.255166
1855,petal,5.254960
1856,caper,5.254841
1857,miler,5.254814
1858,thane,5.254741
1859,remus,5.254707
1860,paeon,5.254692
1861,urine,5.254660
1862,basin,5.254390
1863,bents,5.253730
1864,maori,5.253649
1865,inter,5.253615
1866,fails,5.253400
1867,manit,5.253384
1868,harem,5.253351
1869,reban,5.253252
1870,clair,5.253090
1871,skean,5.253087
1872,feria,5.252993
1873,leapt,5.252979
1874,moler,5.252684
1875,suint,5.252626
1876,arced,5.252554
1877,pacer,5.252458
1878,gelts,5.252355
1879,trica,5.252298
1880,sacry,5.252269
1881,timar,5.251991
1882,gloea,5.251898
1883,darbs,5.251827
1884,acone,5.251790
1885,mason,5.251724
1886,liard,5.251679
1887,faits,5.251665
1888,urial,5.251371
1889,midas,5.251223
1890,leath,5.251061
1891,shalt,5.250945
1892,koans,5.250735
1893,adrue,5.250640
1894,fiars,5.250375
1895,tasco,5.250330
1896,talas,5.249747
1897,moner,5.249640
1898,miner,5.249576
1899,incas,5.249315
1900,soave,5.249107
1901,sruti,5.249103
1902,ousia,5.249088
1903,serif,5.248830
1904,rubes,5.248634
1905,marys,5.248504
1906,crone,5.248303
1907,super,5.248242
1908,lento,5.248086
1909,aspen,5.247275
1910,shona,5.247261
1911,serra,5.247173
1912,sluit,5.247123
1913,autor,5.246970
1914,duane,5.246890
1915,tauli,5.246852
1916,space,5.246797
1917,spade,5.246618
1918,signa,5.246406
1919,taily,5.246095
1920,crest,5.246015
1921,cetus,5.245784
1922,cesti,5.245758
1923,surge,5.245735
1924,claus,5.245431
1925,miter,5.245430
1926,comas,5.245422
1927,saruk,5.245375
1928,conia,5.245282
1929,cusie,5.245225
1930,kelia,5.245043
1931,surya,5.244944
1932,naric,5.244928
1933,porns,5.244710
1934,acred,5.244669
1935,pirns,5.244452
1936,pulas,5.244229
1937,tiled,5.244204
1938,soras,5.244169
1939,sunil,5.244123
1940,wiles,5.243857
1941,moral,5.243824
1942,derah,5.243765
1943,tepal,5.243665
1944,donia,5.243631
1945,oaric,5.243551
1946,rasse,5.243537
1947,strap,5.243469
1948,datil,5.243017
1949,nathe,5.242970
1950,moter,5.242897
1951,doesn,5.242888
1952,drone,5.242438
1953,ental,5.242428
1954,parli,5.242342
1955,recit,5.242117
1956,escar,5.241968
1957,toled,5.241879
1958,copes,5.241774
1959,mosan,5.241662
1960,minar,5.241534
1961,rears,5.241260
1962,colen,5.241159
1963,taken,5.241120
1964,inlet,5.241075
1965,lemna,5.241062
1966,birle,5.240419
1967,torma,5.240411
1968,lesiy,5.240373
1969,nosey,5.240202
1970,trode,5.240104
1971,atees,5.240079
1972,rinde,5.240021
1973,hilsa,5.239889
1974,plane,5.239544
1975,lotus,5.239515
1976,milos,5.239513
1977,oases,5.239392
1978,micas,5.239152
1979,nefas,5.238878
1980,beati,5.238716
1981,fleas,5.238700
1982,porta,5.238520
1983,sesia,5.238173
1984,ronde,5.238107
1985,slued,5.238001
1986,cafes,5.237703
1987,cabre,5.237605
1988,nairy,5.237428
1989,toned,5.237414
1990,steid,5.237410
1991,aueto,5.237371
1992,arnut,5.237060
1993,peril,5.236764
1994,derma,5.235938
1995,slour,5.235876
1996,linus,5.235578
1997,sirop,5.235319
1998,danio,5.235117
1999,maned,5.235074
2000,beant,5.234471
